INSERT INTO ROL (nombre) VALUES ('Proveedor'), ('Cliente'), ('Vendedor');


INSERT INTO USUARIO([Cedula],[Nombre],[Apellido],[Grado_de_Penalizacion],[Lugar_de_Residencia],[Fecha_de_Nacimiento],[Telefono]) VALUES(100,'Regan','Roberson',8,'976-6316 Nec Ave','2016/07/31',25891826),(101,'Basia','Ochoa',5,'319-8429 Ut Av.','2016/08/09',73147829),(102,'Rae','Landry',2,'P.O. Box 464, 2209 Elit. Rd.','2016/07/20',24563582),(103,'Benjamin','Bernard',9,'179-7069 Purus. Ave','2016/11/24',88483367),(104,'Kylynn','Weeks',6,'7029 Sem Rd.','2017/08/06',76556006),(105,'Winter','Barron',9,'Ap #984-7354 Eget, Rd.','2017/05/28',58344426),(106,'Mira','Flowers',8,'589-6194 Mauris, Rd.','2017/02/18',81588404),(107,'Illana','Wong',7,'2724 Risus Rd.','2016/11/10',75641071),(108,'Hedley','Woodward',7,'P.O. Box 361, 8820 At Rd.','2017/05/23',10471327),(109,'Galena','Phillips',5,'Ap #488-794 Sodales Ave','2017/11/11',61898508);
INSERT INTO USUARIO([Cedula],[Nombre],[Apellido],[Grado_de_Penalizacion],[Lugar_de_Residencia],[Fecha_de_Nacimiento],[Telefono]) VALUES(110,'Sopoline','Tanner',9,'4595 Est. St.','2016/03/16',52259640),(111,'Skyler','Newman',8,'P.O. Box 570, 5800 Donec Rd.','2016/01/30',37023686),(112,'Cameron','Witt',9,'Ap #695-5956 Dolor. Avenue','2016/04/26',51917989),(113,'Athena','Nielsen',10,'389-7808 Malesuada St.','2016/02/21',18067560),(114,'Gil','Rivas',9,'Ap #712-5936 Faucibus Street','2017/02/25',99385029),(115,'Imelda','Clements',8,'P.O. Box 336, 9268 Non Rd.','2016/09/02',59907176),(116,'Shoshana','Gilliam',8,'Ap #828-9492 Vestibulum St.','2016/06/15',10940346),(117,'Lucy','Odom',8,'870-8823 Turpis Av.','2016/07/23',57457492),(118,'Lydia','Marks',9,'3735 Mattis Rd.','2017/09/14',97825144),(119,'Francis','Quinn',5,'362-4614 Elit Ave','2016/09/30',68859181);
INSERT INTO USUARIO([Cedula],[Nombre],[Apellido],[Grado_de_Penalizacion],[Lugar_de_Residencia],[Fecha_de_Nacimiento],[Telefono]) VALUES(120,'Cora','Bonner',5,'Ap #232-7889 Tincidunt Rd.','2017/11/14',48865352),(121,'Noah','Stafford',1,'1832 Rutrum Avenue','2017/02/09',35348468),(122,'Ina','Berger',5,'7181 Pede, Av.','2016/06/06',80627913),(123,'Nell','Cherry',4,'8229 Donec Rd.','2017/08/19',82227049),(124,'Dolan','Raymond',3,'4841 Imperdiet Avenue','2016/07/16',88544072),(125,'Shaine','Conway',8,'P.O. Box 856, 6721 Lacinia St.','2016/06/23',26514734),(126,'Zelenia','Elliott',2,'1513 Nisi. Road','2017/05/31',63490111),(127,'Joy','Gregory',10,'P.O. Box 826, 8677 Odio. St.','2017/04/11',36018095),(128,'Francis','Conway',10,'Ap #879-7028 Tristique Street','2017/11/09',92703140),(129,'Tucker','Craig',4,'5714 Eros Street','2017/06/03',55738380);
INSERT INTO USUARIO([Cedula],[Nombre],[Apellido],[Grado_de_Penalizacion],[Lugar_de_Residencia],[Fecha_de_Nacimiento],[Telefono]) VALUES(130,'Adria','Gillespie',1,'Ap #771-6764 Ornare, Rd.','2016/10/13',42228785),(131,'Sydnee','Rosales',6,'8604 Ut Avenue','2016/06/03',47188075),(132,'Kimberly','David',9,'P.O. Box 584, 2603 Enim. Road','2017/02/22',80584212),(133,'Rose','Miles',3,'7722 Vulputate Ave','2017/07/19',40626227),(134,'Abdul','Stanton',10,'164-3818 Eros. St.','2017/10/16',22873346),(135,'Fletcher','Koch',4,'664 Iaculis Street','2016/12/22',31608605),(136,'Shaeleigh','Conley',5,'P.O. Box 350, 8359 Luctus. Street','2017/01/28',99024123),(137,'Hanna','Hensley',9,'180 Nulla Street','2017/07/06',86436865),(138,'Dustin','Powers',10,'P.O. Box 315, 9588 Nibh St.','2016/04/30',56993466),(139,'Erasmus','Gomez',8,'Ap #316-7620 Consequat, St.','2015/12/31',19884876);
INSERT INTO USUARIO([Cedula],[Nombre],[Apellido],[Grado_de_Penalizacion],[Lugar_de_Residencia],[Fecha_de_Nacimiento],[Telefono]) VALUES(140,'Nola','Rivera',7,'9064 Magna. Av.','2016/04/06',46520332),(141,'Arthur','Hopper',10,'Ap #874-7397 Odio Ave','2017/09/26',31058864),(142,'Kennedy','Leblanc',5,'6901 Senectus Avenue','2017/08/22',60416302),(143,'Clark','Fuller',6,'554-4832 Vel, Road','2016/08/07',57429642),(144,'Silas','Horton',2,'Ap #605-7347 Id St.','2017/02/12',10972466),(145,'Carlos','Nichols',1,'3416 Dolor. Street','2017/01/29',46753118),(146,'Ciaran','Espinoza',6,'6371 Pede, Rd.','2017/04/29',83918422),(147,'Kai','Villarreal',1,'Ap #480-8143 Hendrerit. Street','2016/10/20',41117479),(148,'Nathan','Slater',2,'P.O. Box 517, 2340 Ultricies Ave','2016/02/03',19751175),(149,'Judith','Gillespie',9,'Ap #645-1484 Quis, Avenue','2017/06/20',45533150);
INSERT INTO USUARIO([Cedula],[Nombre],[Apellido],[Grado_de_Penalizacion],[Lugar_de_Residencia],[Fecha_de_Nacimiento],[Telefono]) VALUES(150,'Uta','Johnson',2,'Ap #233-9580 Ante Street','2016/11/25',25194939),(151,'Berk','Cervantes',4,'P.O. Box 308, 3721 Massa. Av.','2016/01/09',74054256),(152,'Timon','Weiss',2,'7395 Faucibus Road','2017/01/29',48480164),(153,'Reece','Browning',10,'P.O. Box 223, 879 Aliquet Avenue','2017/01/07',27770312),(154,'Ali','Keller',6,'445-2614 Per Road','2017/09/21',40719578),(155,'Kim','Zimmerman',4,'790-9323 Diam Rd.','2017/02/24',71021534),(156,'Whilemina','Mcdowell',3,'136-195 Vitae, St.','2016/12/04',61723841),(157,'Tyrone','Bernard',4,'Ap #504-5762 Molestie Rd.','2016/10/26',19752673),(158,'Phelan','Massey',9,'Ap #751-3504 Vitae Ave','2016/01/06',99865785),(159,'Rhea','Wolfe',10,'8111 Hendrerit Avenue','2016/02/10',93226160);
INSERT INTO USUARIO([Cedula],[Nombre],[Apellido],[Grado_de_Penalizacion],[Lugar_de_Residencia],[Fecha_de_Nacimiento],[Telefono]) VALUES(160,'Myra','Harrell',7,'P.O. Box 637, 4894 Augue Rd.','2017/09/09',90330635),(161,'Whilemina','Branch',9,'P.O. Box 577, 5502 Velit St.','2017/05/17',78731183),(162,'Octavia','Mercado',9,'P.O. Box 461, 5814 Vehicula Av.','2017/09/10',83713545),(163,'Blake','Hale',10,'3279 Egestas, Road','2016/02/10',62865137),(164,'Mohammad','Morse',9,'P.O. Box 420, 2061 Mauris Rd.','2017/09/25',67264658),(165,'Leila','Spencer',6,'P.O. Box 785, 5386 Libero Rd.','2017/07/17',15994856),(166,'Vivian','Jenkins',10,'Ap #809-5679 Pellentesque Rd.','2017/01/12',99647022),(167,'Deanna','Howell',6,'1273 Ante Ave','2016/11/14',30478851),(168,'Carl','Bullock',7,'4169 Vestibulum St.','2017/10/17',12746879),(169,'Steel','Johns',7,'Ap #134-6612 Eu, Rd.','2016/10/13',72373862);
INSERT INTO USUARIO([Cedula],[Nombre],[Apellido],[Grado_de_Penalizacion],[Lugar_de_Residencia],[Fecha_de_Nacimiento],[Telefono]) VALUES(170,'Montana','Shannon',5,'Ap #523-3003 Sed, Av.','2017/10/07',27834830),(171,'Clementine','Dalton',3,'965-3055 Integer St.','2016/10/26',25972568),(172,'Patience','Moran',7,'2003 Eu Rd.','2016/07/18',77130409),(173,'Damon','Odonnell',10,'7249 Nulla St.','2016/07/09',16553711),(174,'Ignatius','Osborne',9,'Ap #211-7005 Augue Rd.','2016/12/23',16167703),(175,'Ahmed','Wood',10,'P.O. Box 961, 8351 Nulla Ave','2016/04/27',33945979),(176,'Signe','Howell',7,'7498 Quis Avenue','2015/12/06',30719274),(177,'Kylie','Jacobs',9,'Ap #842-1971 Vehicula Avenue','2016/05/18',20038871),(178,'Deanna','Workman',10,'9532 Ac Street','2016/03/12',13896364),(179,'Yetta','Peters',5,'5734 Proin Road','2017/09/02',72222999);
INSERT INTO USUARIO([Cedula],[Nombre],[Apellido],[Grado_de_Penalizacion],[Lugar_de_Residencia],[Fecha_de_Nacimiento],[Telefono]) VALUES(180,'Lee','Blackwell',8,'466-566 Ultrices. Rd.','2017/04/20',15999720),(181,'Cadman','Collins',9,'925-1914 Luctus Av.','2016/09/25',67842849),(182,'Inga','Clements',10,'Ap #253-698 Mi. St.','2017/04/24',73712423),(183,'Cherokee','Guy',7,'629-3208 Tellus St.','2016/04/12',89924597),(184,'Brynn','Rollins',8,'P.O. Box 196, 1874 Ipsum Road','2017/06/16',65857689),(185,'Freya','Bowman',7,'Ap #461-332 Pellentesque St.','2017/09/08',62255955),(186,'Tatum','Howell',10,'279-2510 Quisque Rd.','2015/12/24',83394815),(187,'Elliott','Petersen',2,'P.O. Box 436, 1881 Ligula. St.','2017/06/18',62907937),(188,'Ori','Bryan',8,'P.O. Box 118, 8034 In St.','2015/11/27',10684411),(189,'Rhiannon','Clark',5,'Ap #637-1166 Cursus Rd.','2017/10/30',31149289);
INSERT INTO USUARIO([Cedula],[Nombre],[Apellido],[Grado_de_Penalizacion],[Lugar_de_Residencia],[Fecha_de_Nacimiento],[Telefono]) VALUES(190,'Jonah','Yang',10,'424-5057 Eget Ave','2016/07/20',52542893),(191,'Slade','Mercer',8,'988-7455 Tortor Ave','2017/10/11',36843102),(192,'Angela','Cotton',5,'P.O. Box 509, 6120 Ipsum St.','2016/06/03',32079329),(193,'Abraham','Barr',1,'882-1415 Ut, Ave','2016/05/01',56963758),(194,'Taylor','Murray',5,'P.O. Box 631, 4550 Ullamcorper. Av.','2016/03/21',20465632),(195,'Jennifer','Bird',4,'7194 Felis St.','2017/07/06',36271262),(196,'Anthony','Wilson',2,'3721 Enim, Road','2016/01/26',65309213),(197,'Christine','Burris',9,'4473 Interdum Rd.','2016/08/03',40892291),(198,'Jordan','Hamilton',6,'Ap #840-6764 Sem Rd.','2017/10/24',46860792),(199,'Noelani','Peters',9,'9725 Ut Avenue','2016/06/14',87789123);





INSERT INTO ROL_USUARIO([usuario],[rol]) VALUES(100,2),(101,1),(102,1),(103,2),(104,3),(105,2),(106,3),(107,3),(108,3),(109,3);
INSERT INTO ROL_USUARIO([usuario],[rol]) VALUES(110,1),(111,3),(112,2),(113,2),(114,1),(115,3),(116,3),(117,3),(118,3),(119,2);
INSERT INTO ROL_USUARIO([usuario],[rol]) VALUES(120,2),(121,3),(122,1),(123,2),(124,1),(125,3),(126,3),(127,2),(128,1),(129,3);
INSERT INTO ROL_USUARIO([usuario],[rol]) VALUES(130,3),(131,2),(132,2),(133,2),(134,2),(135,2),(136,1),(137,2),(138,2),(139,2);
INSERT INTO ROL_USUARIO([usuario],[rol]) VALUES(140,1),(141,3),(142,1),(143,3),(144,1),(145,1),(146,3),(147,3),(148,1),(149,1);
INSERT INTO ROL_USUARIO([usuario],[rol]) VALUES(150,3),(151,1),(152,2),(153,2),(154,3),(155,3),(156,3),(157,2),(158,1),(159,3);
INSERT INTO ROL_USUARIO([usuario],[rol]) VALUES(160,3),(161,1),(162,2),(163,1),(164,2),(165,3),(166,3),(167,1),(168,3),(169,2);
INSERT INTO ROL_USUARIO([usuario],[rol]) VALUES(170,1),(171,3),(172,2),(173,2),(174,1),(175,3),(176,3),(177,1),(178,3),(179,3);
INSERT INTO ROL_USUARIO([usuario],[rol]) VALUES(180,1),(181,2),(182,3),(183,3),(184,3),(185,2),(186,2),(187,1),(188,2),(189,3);
INSERT INTO ROL_USUARIO([usuario],[rol]) VALUES(190,1),(191,3),(192,1),(193,3),(194,1),(195,2),(196,3),(197,3),(198,3),(199,3);




INSERT INTO CATEGORIA (Nombre, Descripcion) VALUES ('Construcción', 'Materiales utilizados para la construcción de edificaciones'), 
('Linea Blanca', 'Estos son Electrodométicos utilizados en una casa'), 
('Miscelaneo', 'Productos cuya categoría no corresponde a ninguna de las otras existentes'), 
('Mecánica','Productos utilizados en automóviles'), 
('Jardinería', 'Herramientas para el jardín y mantenimiento de otras plantas'),
('Pintura', 'Distintos tipos de pintura para interior y exterior');

INSERT INTO SUCURSAL (Id_Sucursal) VALUES (0), (1), (2), (3), (4), (5), (6), (7);

INSERT INTO PRODUCTO(Nombre_Producto, Id_Sucursal, Cedula_Provedor, Nombre_Categoría, Descripción, Exento, Cantidad_Disponible, Precio) VALUES ('Tornillos', 0, 175, 'Construcción', 'Usado para atornillar', 0, 500, 20), 
('Basurero', 0, 175, 'Miscelaneo', 'Balde de plástico para depositar basura', 0, 250, 5), 
('Extintor', 0, 175, 'Miscelaneo', 'Contenedor de metal utilizado para seguridad en un incendio', 1, 2500, 30), 
('Llanta', 0, 176, 'Mecánica', 'Llanta de 40"', 0, 5, 22), 
('Aceite de Motor', 0, 176, 'Mecánica', 'Aceite para evitar daños en el motor', 0, 500, 100), 
('Pintura Antihongos', 0, 176, 'Pintura', 'Pintura que protege las parades en contra de los hongos', 0, 500, 15), 
('Pintura de Aceite', 0, 177, 'Pintura', 'Pintura que posee un color más intenso', 0, 500, 12), 
('Vidrio', 0, 177, 'Miscelaneo', 'Material utilizado en ventanas', 1, 2500, 5), 
('Madera', 0, 177, 'Miscelaneo', 'Material utilizado en ciertas ocasiones para paredes', 0, 500, 20), 
('Refrigeradora', 0, 178, 'Linea Blanca', 'Caja de metal que mantiene la comida fria', 0, 50, 220), 
('Televisor', 0, 178, 'Linea Blanca', 'Caja de plastico para poder ver programas', 0, 50, 2220), 
('Cocina', 0, 178, 'Linea Blanca', 'Utilizada para cocinar', 0, 500, 20), 
('Pintura para Exterior', 0, 179, 'Pintura', 'Pintura de alta calidad  con alta resistencia en contra de los elementos', 0, 500, 20), 
('Pintura de Oleo', 0, 179, 'Pintura', 'Pintura utilizada para obras de arte', 0, 500, 20), 
('Parabrisas', 0, 179, 'Mecánica', 'Placa de vidrio colocada adelante de un carro', 0, 500, 20), 
('Filtro de Aire', 0, 180, 'Mecánica', 'Filtro del carro para insertar aire en el motor', 0, 500, 20), 
('Cargador de Celular', 0, 180, 'Mecánica', 'Cargador que se puede conectar en el carro para cargar el celular', 0, 500, 20), 
('Varilla de Metal', 0, 180, 'Miscelaneo', 'Varillade Metal utilizada para la construcción', 0, 500, 20), 
('Bombillo', 0, 180, 'Miscelaneo', 'Bombillo Fluorescente, muy eficiente energeticamente', 0, 500, 20), 
('Clavos', 0, 181, 'Construcción', 'Utilizado para sostener pinturas a las paredes', 0, 500, 20), 
('Tuercas', 0, 181, 'Construcción', 'Utilizada en conjunto con tornillos para sostener cosas', 0, 500, 20), 
('Fertilizante', 0, 181, 'Jardinería', 'Mezcla de materiales que ayuda con a crecer a las plantas', 1, 5200, 2), 
('Hortencias', 0, 182, 'Jardinería', 'Flores para la casa', 0, 500, 20), 
('Tijeras para Podar', 0, 182, 'Jardinería', 'Tijeras resietentes para poder cortar arbustos', 0, 500, 20), 
('Cerámica', 0, 182, 'Construcción', 'Material utilizado para protejer pisis', 0, 500, 20), 
('Tomacorriente', 0, 182, 'Construcción', 'Utilizado en paredes para solo permitir enchufes a conectarse', 0, 500, 20), 
('Cable de Cobre', 0, 183, 'Construcción', 'Utilizado para conecciones eléctricas dentro de las paredes', 0, 500, 20), 
('Filtro de Agua', 0, 185, 'Miscelaneo', 'Filtro de agua utilizado para poder limpiar el agua', 0, 500, 20), 
('Cable USB', 0, 185, 'Miscelaneo', 'Cable USB para poder cargar el celular con un enchufe', 0, 500, 20), 
('Cemento', 0, 185, 'Construcción', 'Material utilizado para poder fijar cosas a otras cosas', 0, 500, 20), 
('Lavaplatos', 0, 185, 'Linea Blanca', 'Electrodoméstico utilizado para limpiar platos', 0, 500, 20), 
('Ladrillos', 0, 189, 'Construcción', 'Ladrilos', 0, 500, 20), 
('Bolsas de Basura', 0, 189, 'Miscelaneo', 'Utilizados para guardar basura', 0, 500, 20), 
('Lavadora', 0, 189, 'Linea Blanca', 'Utilizada para limpiar la ropa', 0, 500, 20);


INSERT INTO PEDIDO([Cedula_Cliente],[Id_Sucursal],[Telefono_Preferido],[Hora_de_Creación]) VALUES(151,2,32013232,'2016/09/17 02:09:43'),(131,4,64499440,'2017/01/20 01:01:44'),(155,5,10139488,'2016/03/02 06:03:16'),(112,0,74429309,'2016/06/19 12:06:15'),(133,1,40714199,'2016/01/23 12:01:11'),(172,6,35917416,'2016/12/11 10:12:11'),(193,6,24107638,'2017/06/07 12:06:43'),(149,0,64030984,'2017/04/02 09:04:52'),(158,4,62563179,'2016/09/07 04:09:05'),(177,3,89692179,'2017/04/06 04:04:24'),(149,3,42778165,'2017/03/08 02:03:11'),(178,2,46465322,'2016/08/03 08:08:52'),(163,3,14610987,'2017/05/09 04:05:43'),(155,2,35368231,'2016/12/10 08:12:58'),(156,5,35052390,'2017/09/26 07:09:51'),(135,0,41216180,'2017/06/01 01:06:35'),(166,7,21856281,'2017/05/02 09:05:00'),(111,7,68098389,'2016/11/26 06:11:11'),(107,1,66660769,'2016/01/25 07:01:26'),(127,4,15816726,'2017/08/19 07:08:49'),(161,1,14877770,'2017/01/22 08:01:03'),(111,1,58562885,'2017/01/03 11:01:03'),(182,6,25672367,'2016/08/07 11:08:19'),(134,5,95788277,'2016/11/17 08:11:54'),(157,3,74038053,'2017/09/21 10:09:41');
INSERT INTO PEDIDO([Cedula_Cliente],[Id_Sucursal],[Telefono_Preferido],[Hora_de_Creación]) VALUES(153,0,71404200,'2016/05/31 10:05:32'),(107,7,68420235,'2016/10/31 03:10:28'),(100,6,43407627,'2016/09/17 05:09:11'),(114,2,48033447,'2017/05/15 02:05:43'),(141,4,32441297,'2016/08/18 09:08:26'),(197,4,34811693,'2016/08/21 12:08:11'),(102,4,62547329,'2017/06/14 12:06:33'),(141,7,48900429,'2017/09/27 11:09:31'),(197,2,35345369,'2016/05/11 09:05:35'),(139,1,90670100,'2016/05/08 07:05:15'),(189,3,62763345,'2016/05/01 10:05:24'),(129,5,20646832,'2017/02/20 09:02:14'),(106,4,56486266,'2016/12/03 07:12:30'),(159,0,28585348,'2016/01/16 04:01:36'),(119,0,81793717,'2017/07/23 05:07:57'),(126,3,90598512,'2017/05/27 01:05:23'),(108,4,65585177,'2017/10/22 02:10:56'),(151,7,68882923,'2016/06/05 11:06:47'),(110,1,33668895,'2017/01/11 04:01:13'),(186,6,35785174,'2017/04/01 10:04:33'),(151,0,39592123,'2017/05/30 06:05:59'),(122,4,37393642,'2017/11/16 10:11:21'),(159,2,91605968,'2017/04/15 07:04:56'),(167,6,39755294,'2017/07/23 03:07:09'),(151,5,19635098,'2017/05/24 03:05:24');
INSERT INTO PEDIDO([Cedula_Cliente],[Id_Sucursal],[Telefono_Preferido],[Hora_de_Creación]) VALUES(166,4,75558631,'2016/03/08 01:03:24'),(103,6,19660022,'2016/01/30 05:01:05'),(128,2,67289063,'2017/03/05 06:03:02'),(166,6,42137398,'2017/06/27 05:06:10'),(132,2,55409307,'2016/09/30 04:09:41'),(116,2,57473074,'2017/05/19 11:05:03'),(135,5,85655225,'2017/11/13 09:11:47'),(148,2,14554602,'2017/09/30 11:09:02'),(137,3,65461314,'2017/10/20 05:10:20'),(132,1,19626453,'2017/09/24 06:09:47'),(126,2,38820428,'2016/12/15 11:12:35'),(125,5,47583298,'2016/04/20 06:04:14'),(195,2,42815846,'2016/06/15 05:06:20'),(144,1,62528211,'2016/03/31 06:03:14'),(101,0,80643128,'2016/11/03 11:11:48'),(113,7,75320662,'2016/03/30 07:03:02'),(160,2,54103258,'2016/07/12 01:07:08'),(128,5,83159673,'2017/10/27 03:10:20'),(169,3,98708911,'2016/09/16 05:09:19'),(147,6,97141730,'2016/12/28 06:12:45'),(129,2,32307266,'2015/12/11 12:12:20'),(116,7,68476834,'2017/08/01 04:08:05'),(111,3,61172521,'2017/10/11 11:10:35'),(173,0,19859280,'2016/03/30 10:03:20'),(101,3,30641805,'2016/03/15 06:03:32');
INSERT INTO PEDIDO([Cedula_Cliente],[Id_Sucursal],[Telefono_Preferido],[Hora_de_Creación]) VALUES(140,4,97883460,'2017/08/05 02:08:50'),(143,0,70621484,'2016/04/17 02:04:46'),(178,0,49838863,'2017/10/31 11:10:21'),(117,0,95675176,'2016/12/18 04:12:32'),(193,7,93604576,'2017/09/01 02:09:40'),(138,3,17161454,'2016/05/28 11:05:58'),(151,5,82108465,'2016/11/14 06:11:15'),(162,0,76250617,'2016/06/19 05:06:17'),(140,3,91474562,'2015/12/05 06:12:06'),(172,5,86003143,'2016/04/29 10:04:36'),(149,1,40888622,'2016/06/05 08:06:41'),(153,0,49361590,'2017/01/28 11:01:20'),(168,2,71561900,'2016/04/15 01:04:18'),(119,0,80409572,'2017/03/17 07:03:45'),(158,1,30870118,'2017/07/22 06:07:52'),(178,5,24059533,'2016/12/23 09:12:02'),(195,7,54438383,'2015/11/27 04:11:14'),(192,1,92783195,'2017/10/11 06:10:50'),(121,4,44737459,'2016/03/15 08:03:54'),(104,6,68071417,'2017/06/25 04:06:11'),(109,1,45916997,'2016/10/19 04:10:29'),(137,0,67027400,'2016/02/22 05:02:11'),(104,7,52108196,'2016/11/12 02:11:42'),(150,4,12578898,'2017/09/09 10:09:04'),(115,3,26567978,'2017/10/02 01:10:53');
INSERT INTO PEDIDO([Cedula_Cliente],[Id_Sucursal],[Telefono_Preferido],[Hora_de_Creación]) VALUES(185,7,95414342,'2016/02/26 11:02:35'),(176,7,80215109,'2016/08/10 11:08:02'),(136,4,66948848,'2016/03/04 05:03:32'),(134,7,35364752,'2015/12/17 04:12:11'),(199,2,46986975,'2016/08/20 02:08:48'),(152,1,39851900,'2016/10/10 09:10:39'),(101,0,93586947,'2017/01/17 03:01:05'),(111,0,29866991,'2015/12/25 09:12:24'),(184,7,86796949,'2016/06/29 06:06:43'),(121,7,99035577,'2017/08/05 06:08:54'),(156,6,40885032,'2016/12/10 04:12:41'),(121,2,11969592,'2017/04/03 05:04:19'),(196,6,81817668,'2016/09/14 06:09:19'),(197,0,93603650,'2017/03/16 01:03:44'),(126,4,42973771,'2016/08/21 01:08:23'),(111,6,38550342,'2016/05/31 04:05:52'),(121,2,12413159,'2017/04/23 06:04:57'),(140,2,61685883,'2016/02/04 02:02:19'),(145,3,80833585,'2015/12/05 01:12:39'),(164,7,58578700,'2017/08/08 04:08:23'),(131,2,79262544,'2017/02/14 01:02:44'),(101,2,35644611,'2016/09/12 03:09:16'),(101,0,17148823,'2016/05/18 01:05:20'),(123,4,45187580,'2017/04/03 12:04:32'),(129,7,27733592,'2016/01/18 01:01:35');
INSERT INTO PEDIDO([Cedula_Cliente],[Id_Sucursal],[Telefono_Preferido],[Hora_de_Creación]) VALUES(114,3,94698610,'2016/04/21 05:04:28'),(129,2,41402226,'2016/01/09 11:01:39'),(142,7,85087734,'2015/12/19 05:12:27'),(186,4,58894703,'2017/04/01 02:04:16'),(188,7,42771715,'2017/10/30 06:10:16'),(187,3,30578189,'2016/10/18 09:10:17'),(199,3,56976158,'2017/03/26 01:03:23'),(101,6,20613400,'2017/04/11 09:04:04'),(154,5,35836955,'2017/07/14 10:07:33'),(162,2,24083860,'2017/07/30 01:07:53'),(139,5,80709717,'2017/03/29 11:03:22'),(117,1,82899932,'2017/09/26 09:09:48'),(191,2,12196785,'2017/03/09 01:03:29'),(164,0,40431220,'2016/11/02 04:11:47'),(126,0,14385934,'2017/02/12 08:02:26'),(126,3,66375850,'2016/02/22 09:02:08'),(188,3,30700306,'2017/08/24 11:08:59'),(112,3,99245572,'2016/04/28 11:04:09'),(174,7,54284799,'2017/08/23 04:08:32'),(167,6,88087845,'2015/12/11 10:12:44'),(102,3,69237364,'2017/04/27 09:04:03'),(111,1,21706949,'2016/02/22 12:02:03'),(195,3,95430861,'2017/01/16 06:01:45'),(149,6,97202745,'2015/11/28 09:11:24'),(193,5,92671396,'2017/06/25 06:06:01');
INSERT INTO PEDIDO([Cedula_Cliente],[Id_Sucursal],[Telefono_Preferido],[Hora_de_Creación]) VALUES(121,7,96250098,'2016/05/18 05:05:11'),(127,0,27376509,'2016/01/17 04:01:48'),(173,4,60727822,'2016/11/06 12:11:29'),(156,4,23850868,'2016/08/15 03:08:00'),(145,3,33096020,'2017/07/23 06:07:49'),(188,4,97404420,'2016/04/24 06:04:55'),(128,3,38961097,'2015/12/29 04:12:23'),(104,4,39320126,'2017/11/15 03:11:45'),(189,7,16490393,'2017/04/18 01:04:30'),(115,3,23714596,'2016/11/12 11:11:34'),(183,4,89738274,'2017/04/19 07:04:17'),(199,4,27985611,'2016/05/18 08:05:02'),(162,1,95705374,'2017/03/29 08:03:30'),(129,7,24071816,'2017/01/24 06:01:19'),(158,3,43337870,'2016/10/13 07:10:57'),(145,4,82571742,'2015/12/29 07:12:50'),(121,1,38266157,'2016/07/02 10:07:20'),(159,3,11394273,'2016/02/23 02:02:47'),(168,2,47621870,'2016/10/19 05:10:36'),(155,4,22747397,'2016/09/30 05:09:19'),(141,4,29577581,'2016/01/17 11:01:50'),(173,1,13255300,'2017/07/14 12:07:37'),(125,0,85330489,'2017/11/11 01:11:26'),(184,3,26200106,'2016/08/17 02:08:17'),(129,6,69235371,'2016/03/01 07:03:26');
INSERT INTO PEDIDO([Cedula_Cliente],[Id_Sucursal],[Telefono_Preferido],[Hora_de_Creación]) VALUES(174,5,49501065,'2016/04/27 07:04:03'),(122,7,33557277,'2017/08/18 01:08:22'),(119,0,99650569,'2016/11/06 04:11:10'),(169,5,98527741,'2016/03/14 04:03:40'),(163,3,95662983,'2017/06/28 03:06:19'),(134,7,11557077,'2017/10/26 09:10:49'),(172,4,94920871,'2017/01/08 04:01:01'),(194,3,68904554,'2016/10/05 06:10:47'),(118,2,86258545,'2015/12/01 11:12:19'),(177,1,85882988,'2017/02/27 07:02:11'),(186,3,91883668,'2016/01/15 01:01:21'),(164,2,66907041,'2016/02/10 08:02:27'),(173,2,84252726,'2016/11/16 04:11:06'),(194,0,47212438,'2016/06/07 01:06:26'),(176,5,29374125,'2017/10/11 07:10:38'),(108,4,10954665,'2017/01/13 08:01:19'),(122,6,31960632,'2017/08/01 07:08:04'),(109,3,61432646,'2015/12/02 04:12:39'),(108,5,40079104,'2017/04/06 09:04:59'),(194,5,64163987,'2017/08/25 09:08:43'),(139,5,25780718,'2016/10/04 07:10:27'),(105,0,64152704,'2017/04/10 12:04:44'),(143,3,96173635,'2015/12/04 09:12:40'),(157,4,75445119,'2015/12/20 07:12:56'),(183,1,35964832,'2016/05/27 02:05:08');


INSERT INTO CONTIENE([Nombre_Producto],[Id_Pedido],[Cantidad]) VALUES('Pintura de Oleo',95,17),('Filtro de Agua',149,17),('Llanta',193,1),('Basurero',19,3),('Cocina',69,7),('Pintura de Aceite',150,1),('Tijeras para Podar',14,17),('Llanta',143,9),('Refrigeradora',187,8),('Madera',174,4),('Filtro de Aire',128,2),('Madera',128,12),('Cerámica',162,5),('Fertilizante',200,15),('Basurero',75,10),('Vidrio',137,10),('Fertilizante',116,18),('Bombillo',105,13),('Tomacorriente',73,6),('Parabrisas',150,12),('Tijeras para Podar',101,7),('Pintura de Oleo',56,14),('Refrigeradora',144,17),('Cable de Cobre',60,13),('Lavaplatos',52,10);
INSERT INTO CONTIENE([Nombre_Producto],[Id_Pedido],[Cantidad]) VALUES('Filtro de Aire',47,10),('Pintura de Oleo',10,3),('Bombillo',89,7),('Lavaplatos',42,13),('Televisor',199,11),('Lavaplatos',184,14),('Extintor',183,19),('Varilla de Metal',125,17),('Cocina',178,9),('Basurero',155,14),('Filtro de Agua',39,10),('Cargador de Celular',93,1),('Basurero',30,14),('Pintura de Aceite',176,7),('Cable de Cobre',34,4),('Llanta',166,8),('Extintor',193,17),('Cemento',153,19),('Cargador de Celular',2,12),('Cable USB',42,14),('Lavadora',20,13),('Fertilizante',94,1),('Refrigeradora',55,14),('Parabrisas',4,18),('Clavos',106,19);
INSERT INTO CONTIENE([Nombre_Producto],[Id_Pedido],[Cantidad]) VALUES('Cargador de Celular',32,11),('Filtro de Agua',169,19),('Hortencias',47,9),('Bombillo',56,4),('Filtro de Aire',136,17),('Bombillo',100,20),('Pintura Antihongos',28,6),('Clavos',145,18),('Cable USB',48,11),('Madera',72,5),('Lavadora',15,19),('Varilla de Metal',111,19),('Tijeras para Podar',13,7),('Vidrio',36,11),('Tomacorriente',109,2),('Hortencias',110,19),('Pintura de Oleo',197,14),('Cocina',26,8),('Cerámica',6,16),('Bolsas de Basura',130,6),('Lavadora',59,1),('Bolsas de Basura',169,6),('Cemento',112,7),('Basurero',120,7),('Refrigeradora',157,9);
INSERT INTO CONTIENE([Nombre_Producto],[Id_Pedido],[Cantidad]) VALUES('Filtro de Agua',123,5),('Tijeras para Podar',47,17),('Fertilizante',89,12),('Cemento',18,16),('Pintura de Aceite',48,15),('Tijeras para Podar',88,8),('Madera',176,16),('Cable de Cobre',68,8),('Varilla de Metal',198,12),('Fertilizante',181,11),('Tomacorriente',68,15),('Cemento',133,17),('Filtro de Agua',145,3),('Vidrio',54,14),('Bombillo',161,17),('Pintura de Aceite',18,4),('Filtro de Agua',115,7),('Varilla de Metal',69,10),('Cable USB',58,13),('Pintura para Exterior',1,17),('Fertilizante',22,11),('Extintor',108,4),('Televisor',137,9),('Aceite de Motor',38,10),('Cable USB',176,18);

INSERT INTO CONTIENE([Nombre_Producto],[Id_Pedido],[Cantidad]) VALUES('Basurero',9,20),('Extintor',53,13),('Madera',193,17),('Tijeras para Podar',30,6),('Lavadora',85,7),('Hortencias',89,13),('Cargador de Celular',169,4),('Aceite de Motor',84,13),('Tijeras para Podar',183,8),('Bolsas de Basura',180,8),('Tomacorriente',108,16),('Bombillo',99,7),('Cable de Cobre',38,14),('Cable USB',55,16),('Llanta',159,6),('Tomacorriente',183,9),('Filtro de Agua',67,10),('Pintura para Exterior',161,10),('Parabrisas',168,13),('Pintura de Aceite',53,1),('Pintura de Aceite',152,9),('Filtro de Agua',32,5),('Lavadora',147,7),('Filtro de Aire',164,6),('Lavadora',151,13);
INSERT INTO CONTIENE([Nombre_Producto],[Id_Pedido],[Cantidad]) VALUES('Cemento',199,11),('Refrigeradora',11,12),('Cerámica',85,10),('Cable de Cobre',168,4),('Aceite de Motor',177,5),('Aceite de Motor',145,10),('Clavos',42,5),('Pintura de Oleo',184,3),('Clavos',116,9),('Vidrio',1,4),('Vidrio',91,4),('Cemento',147,16),('Pintura Antihongos',169,4),('Pintura para Exterior',30,11),('Aceite de Motor',128,5),('Pintura de Aceite',192,2),('Lavadora',34,17),('Varilla de Metal',18,10),('Filtro de Agua',156,18),('Bombillo',28,7),('Cargador de Celular',126,9),('Basurero',82,15),('Cable USB',174,16),('Hortencias',29,8),('Cargador de Celular',94,17);
INSERT INTO CONTIENE([Nombre_Producto],[Id_Pedido],[Cantidad]) VALUES('Clavos',166,2),('Clavos',103,6),('Lavaplatos',158,7),('Cemento',109,18),('Televisor',23,11),('Fertilizante',183,19),('Lavaplatos',162,3),('Lavadora',53,4),('Cemento',115,14),('Lavadora',49,12),('Tijeras para Podar',146,4),('Basurero',1,4),('Televisor',43,13),('Fertilizante',169,7),('Clavos',75,3),('Bolsas de Basura',183,15),('Madera',75,20),('Hortencias',95,14),('Cerámica',57,18),('Filtro de Aire',123,8),('Pintura Antihongos',86,9),('Cable de Cobre',71,14),('Pintura Antihongos',104,18),('Filtro de Agua',194,18),('Televisor',16,10);
INSERT INTO CONTIENE([Nombre_Producto],[Id_Pedido],[Cantidad]) VALUES('Cocina',192,17),('Cable USB',129,7),('Pintura para Exterior',91,2),('Cable de Cobre',127,13),('Hortencias',20,13),('Madera',24,14),('Pintura Antihongos',121,6),('Pintura de Aceite',183,2),('Hortencias',39,13),('Bolsas de Basura',165,17),('Cable de Cobre',7,6),('Filtro de Agua',197,7),('Televisor',36,11),('Parabrisas',37,18),('Tijeras para Podar',101,7),('Cemento',69,4),('Filtro de Aire',34,4),('Lavadora',187,16),('Lavadora',186,12),('Extintor',13,17),('Vidrio',143,17),('Bolsas de Basura',58,17),('Vidrio',114,10),('Vidrio',25,16),('Aceite de Motor',68,1);
INSERT INTO CONTIENE([Nombre_Producto],[Id_Pedido],[Cantidad]) VALUES('Clavos',64,2),('Cocina',80,4),('Madera',152,16),('Varilla de Metal',124,11),('Pintura de Aceite',38,13),('Cemento',80,1),('Tijeras para Podar',56,8),('Cemento',42,17),('Pintura Antihongos',182,8),('Lavaplatos',194,8),('Llanta',101,9),('Aceite de Motor',109,6),('Basurero',187,14),('Pintura para Exterior',39,15),('Filtro de Aire',191,18),('Tuercas',54,14),('Pintura de Aceite',149,11),('Aceite de Motor',138,11),('Llanta',7,18),('Cargador de Celular',8,16),('Varilla de Metal',33,10),('Basurero',11,14),('Filtro de Agua',79,3),('Clavos',137,2),('Cemento',164,2);
INSERT INTO CONTIENE([Nombre_Producto],[Id_Pedido],[Cantidad]) VALUES('Basurero',97,16),('Cocina',97,10),('Tomacorriente',141,19),('Pintura de Oleo',118,15),('Cerámica',113,12),('Televisor',45,3),('Extintor',141,8),('Hortencias',7,19),('Cable de Cobre',98,3),('Pintura Antihongos',68,12),('Fertilizante',149,8),('Filtro de Agua',46,14),('Varilla de Metal',194,11),('Bolsas de Basura',198,16),('Pintura Antihongos',145,11),('Parabrisas',74,15),('Bombillo',52,16),('Televisor',112,19),('Hortencias',105,5),('Aceite de Motor',182,16),('Cable USB',65,10),('Pintura de Oleo',160,2),('Extintor',188,8),('Bombillo',175,6),('Refrigeradora',46,13);
INSERT INTO CONTIENE([Nombre_Producto],[Id_Pedido],[Cantidad]) VALUES('Filtro de Agua',23,20),('Tomacorriente',158,18),('Varilla de Metal',53,13),('Bombillo',8,11),('Televisor',53,6),('Aceite de Motor',71,1),('Pintura de Aceite',5,13),('Cerámica',197,12),('Vidrio',39,15),('Cable USB',10,6),('Pintura para Exterior',36,13),('Hortencias',141,11),('Pintura Antihongos',95,18),('Extintor',120,9),('Cable de Cobre',157,4),('Pintura Antihongos',124,13),('Cargador de Celular',145,16),('Televisor',104,20),('Pintura de Aceite',114,6),('Basurero',184,13),('Televisor',176,5),('Tijeras para Podar',24,19),('Madera',160,10),('Tuercas',81,10),('Madera',110,18);
INSERT INTO CONTIENE([Nombre_Producto],[Id_Pedido],[Cantidad]) VALUES('Cable USB',153,20),('Cable USB',200,2),('Basurero',153,14),('Tuercas',30,2),('Parabrisas',88,11),('Bolsas de Basura',132,15),('Clavos',83,7),('Filtro de Agua',6,9),('Televisor',175,4),('Basurero',169,10),('Madera',47,17),('Cargador de Celular',5,20),('Cerámica',80,4),('Varilla de Metal',92,1),('Basurero',143,9),('Pintura de Aceite',181,11),('Vidrio',74,10),('Aceite de Motor',197,20),('Fertilizante',7,19),('Pintura Antihongos',150,19),('Refrigeradora',70,20),('Cable USB',129,6),('Cable USB',169,6),('Hortencias',196,4),('Vidrio',135,10);
INSERT INTO CONTIENE([Nombre_Producto],[Id_Pedido],[Cantidad]) VALUES('Refrigeradora',142,2),('Madera',64,20),('Vidrio',66,14),('Pintura de Aceite',150,17),('Tomacorriente',180,5),('Parabrisas',57,8),('Lavadora',146,13),('Aceite de Motor',167,14),('Televisor',138,4),('Tomacorriente',90,20),('Vidrio',52,15),('Cable de Cobre',139,7),('Fertilizante',6,14),('Lavaplatos',37,10),('Tomacorriente',99,9),('Cerámica',172,10),('Cocina',67,12),('Basurero',57,16),('Basurero',18,14),('Pintura de Aceite',177,8),('Clavos',51,15),('Madera',150,4),('Tuercas',106,4),('Lavaplatos',164,19),('Tuercas',198,7);
INSERT INTO CONTIENE([Nombre_Producto],[Id_Pedido],[Cantidad]) VALUES('Cocina',13,16),('Cerámica',32,17),('Pintura de Oleo',43,18),('Tijeras para Podar',160,11),('Lavadora',112,12),('Filtro de Agua',111,16),('Televisor',143,2),('Pintura de Oleo',38,15),('Vidrio',149,19),('Televisor',44,1),('Llanta',85,13),('Cable USB',110,1),('Filtro de Aire',65,4),('Cargador de Celular',165,5),('Aceite de Motor',54,15),('Cargador de Celular',20,7),('Pintura para Exterior',117,10),('Tuercas',6,6),('Bolsas de Basura',58,10),('Vidrio',37,12),('Tomacorriente',130,11),('Parabrisas',40,9),('Filtro de Aire',111,2),('Filtro de Aire',126,13),('Extintor',197,15);
INSERT INTO CONTIENE([Nombre_Producto],[Id_Pedido],[Cantidad]) VALUES('Bolsas de Basura',58,12),('Refrigeradora',105,2),('Extintor',34,9),('Tijeras para Podar',12,19),('Filtro de Agua',142,5),('Bombillo',16,16),('Madera',182,17),('Fertilizante',149,8),('Pintura de Oleo',190,8),('Bolsas de Basura',79,18),('Cargador de Celular',186,16),('Aceite de Motor',131,5),('Cemento',181,18),('Tijeras para Podar',139,2),('Cerámica',196,12),('Bolsas de Basura',92,1),('Madera',160,17),('Bolsas de Basura',175,1),('Llanta',86,16),('Cable de Cobre',18,19),('Pintura para Exterior',119,3),('Filtro de Agua',168,5),('Filtro de Aire',107,8),('Cargador de Celular',17,17),('Pintura para Exterior',158,16);
INSERT INTO CONTIENE([Nombre_Producto],[Id_Pedido],[Cantidad]) VALUES('Cerámica',103,10),('Tuercas',22,18),('Vidrio',110,8),('Cargador de Celular',86,4),('Basurero',74,18),('Filtro de Agua',58,14),('Cerámica',162,18),('Madera',74,8),('Bolsas de Basura',92,9),('Pintura de Oleo',58,15),('Refrigeradora',58,15),('Filtro de Aire',76,17),('Lavadora',165,5),('Pintura Antihongos',180,6),('Filtro de Aire',137,8),('Lavadora',113,15),('Filtro de Aire',114,5),('Tijeras para Podar',121,11),('Cerámica',15,19),('Pintura Antihongos',103,14),('Bombillo',30,11),('Pintura de Oleo',38,8),('Extintor',174,17),('Cable de Cobre',43,17),('Bombillo',57,6);
INSERT INTO CONTIENE([Nombre_Producto],[Id_Pedido],[Cantidad]) VALUES('Pintura de Aceite',11,15),('Fertilizante',43,12),('Bolsas de Basura',131,19),('Cable USB',192,11),('Cargador de Celular',58,8),('Fertilizante',40,9),('Fertilizante',68,14),('Lavaplatos',174,5),('Cemento',162,3),('Madera',61,11),('Cemento',52,12),('Lavadora',142,7),('Hortencias',146,7),('Hortencias',71,14),('Televisor',126,9),('Refrigeradora',112,4),('Tomacorriente',161,4),('Parabrisas',156,13),('Hortencias',147,1),('Parabrisas',161,13),('Cargador de Celular',124,2),('Tuercas',157,9),('Cable USB',174,1),('Lavadora',159,18),('Llanta',13,9);
INSERT INTO CONTIENE([Nombre_Producto],[Id_Pedido],[Cantidad]) VALUES('Cemento',64,4),('Madera',111,6),('Cable de Cobre',90,15),('Pintura de Aceite',91,4),('Bolsas de Basura',53,6),('Bombillo',171,7),('Tomacorriente',78,20),('Lavadora',4,17),('Bolsas de Basura',171,4),('Varilla de Metal',166,7),('Cable USB',76,11),('Hortencias',24,17),('Llanta',69,16),('Clavos',9,8),('Varilla de Metal',146,3),('Madera',160,5),('Cocina',50,3),('Cerámica',115,9),('Lavaplatos',45,5),('Filtro de Agua',1,7),('Fertilizante',15,1),('Tomacorriente',144,10),('Cocina',39,7),('Hortencias',170,9),('Clavos',8,9);
INSERT INTO CONTIENE([Nombre_Producto],[Id_Pedido],[Cantidad]) VALUES('Cocina',39,1),('Fertilizante',140,13),('Cerámica',64,12),('Filtro de Agua',51,3),('Filtro de Agua',187,6),('Pintura de Aceite',50,2),('Cocina',142,1),('Bombillo',155,16),('Cable de Cobre',71,10),('Parabrisas',1,19),('Cerámica',8,2),('Basurero',7,12),('Cerámica',138,11),('Pintura de Aceite',167,6),('Lavadora',188,19),('Llanta',10,8),('Bombillo',32,17),('Hortencias',61,19),('Tuercas',46,1),('Aceite de Motor',25,4),('Madera',16,5),('Hortencias',131,13),('Tijeras para Podar',187,14),('Pintura Antihongos',57,11),('Pintura de Oleo',65,12);
INSERT INTO CONTIENE([Nombre_Producto],[Id_Pedido],[Cantidad]) VALUES('Televisor',109,13),('Filtro de Agua',174,14),('Varilla de Metal',127,3),('Clavos',87,15),('Pintura para Exterior',73,14),('Bombillo',172,14),('Lavaplatos',6,7),('Bolsas de Basura',120,15),('Cocina',7,16),('Pintura de Aceite',22,9),('Cemento',2,15),('Refrigeradora',176,9),('Clavos',126,18),('Pintura de Aceite',147,10),('Televisor',144,14),('Lavadora',31,14),('Vidrio',52,4),('Cargador de Celular',186,10),('Extintor',82,10),('Cargador de Celular',148,19),('Basurero',72,10),('Pintura para Exterior',89,1),('Vidrio',142,7),('Pintura de Oleo',127,1),('Pintura de Oleo',107,14);
INSERT INTO CONTIENE([Nombre_Producto],[Id_Pedido],[Cantidad]) VALUES('Tijeras para Podar',51,6),('Bombillo',13,7),('Cemento',81,5),('Parabrisas',70,13),('Filtro de Aire',147,20),('Filtro de Agua',60,2),('Filtro de Aire',58,15),('Refrigeradora',142,1),('Parabrisas',25,17),('Tomacorriente',133,15),('Cable de Cobre',38,2),('Extintor',178,2),('Tomacorriente',158,4),('Vidrio',146,3),('Varilla de Metal',13,18),('Bombillo',94,13),('Fertilizante',100,5),('Aceite de Motor',140,1),('Filtro de Agua',38,6),('Llanta',166,9),('Bolsas de Basura',114,10),('Bolsas de Basura',43,1),('Bolsas de Basura',165,6),('Pintura para Exterior',200,6),('Extintor',177,2);
INSERT INTO CONTIENE([Nombre_Producto],[Id_Pedido],[Cantidad]) VALUES('Varilla de Metal',37,17),('Tuercas',130,6),('Pintura Antihongos',173,4),('Televisor',14,8),('Cable USB',50,8),('Extintor',87,4),('Madera',104,4),('Pintura de Oleo',107,7),('Cemento',138,4),('Llanta',37,11),('Parabrisas',167,12),('Tomacorriente',91,11),('Refrigeradora',50,13),('Tijeras para Podar',197,15),('Pintura Antihongos',78,15),('Cable de Cobre',103,11),('Lavaplatos',146,1),('Aceite de Motor',4,3),('Bombillo',67,20),('Bolsas de Basura',152,17),('Tuercas',103,1),('Cemento',116,15),('Fertilizante',81,13),('Pintura Antihongos',65,2),('Clavos',52,9);
INSERT INTO CONTIENE([Nombre_Producto],[Id_Pedido],[Cantidad]) VALUES('Refrigeradora',166,10),('Basurero',195,5),('Fertilizante',155,7),('Cargador de Celular',157,4),('Pintura Antihongos',146,8),('Madera',42,7),('Pintura de Oleo',107,3),('Refrigeradora',142,5),('Televisor',72,9),('Vidrio',81,13),('Clavos',111,14),('Pintura para Exterior',54,17),('Cerámica',12,20),('Cargador de Celular',2,16),('Tomacorriente',16,16),('Pintura de Oleo',61,13),('Cable de Cobre',54,6),('Pintura de Oleo',135,13),('Cemento',132,6),('Cerámica',54,16),('Llanta',20,15),('Llanta',95,1),('Madera',13,14),('Clavos',100,9),('Varilla de Metal',27,1);
INSERT INTO CONTIENE([Nombre_Producto],[Id_Pedido],[Cantidad]) VALUES('Bolsas de Basura',2,14),('Vidrio',112,20),('Cocina',93,1),('Lavadora',1,8),('Hortencias',124,3),('Lavadora',72,9),('Extintor',101,7),('Parabrisas',190,2),('Lavadora',100,4),('Bolsas de Basura',160,17),('Bombillo',141,12),('Extintor',76,6),('Madera',116,18),('Refrigeradora',22,16),('Vidrio',60,20),('Vidrio',20,2),('Madera',34,10),('Varilla de Metal',138,8),('Tomacorriente',82,3),('Cerámica',186,5),('Fertilizante',34,19),('Filtro de Aire',28,7),('Lavaplatos',175,1),('Extintor',190,6),('Refrigeradora',113,12);
